date,CROX,DECK,NKE,SPY,CROX_index,NKE_index,DECK_index,SPY_index
2015-01,10.600000381469727,11.008333206176758,39.136966705322266,164.34017944335938,100.0,100.0,100.0,100.0
2015-02,11.149999618530273,12.373332977294922,41.322574615478516,173.5768280029297,105.1886718610126,105.5845102320079,112.39969526315087,105.62044448950707
2015-03,11.8100004196167,12.145000457763672,42.68836212158203,170.8507537841797,111.41509428869665,109.07427354551933,110.3255164092338,103.96164490197859
2015-04,13.199999809265137,12.333333015441895,42.05439376831055,172.53086853027344,124.52829560591876,107.45440259832793,112.03633451539858,104.98398450984838
2015-05,15.039999961853027,11.358332633972168,43.3765983581543,174.74896240234375,141.88678698677253,110.8328059370413,103.17940437703163,106.33368114495202
2015-06,14.710000038146973,11.994999885559082,46.085777282714844,171.19949340820312,138.7735802713941,117.75510767023138,108.96290710776002,104.17385084285358
2015-07,15.729999542236328,12.146666526794434,49.1575927734375,175.0667266845703,148.3962167561291,125.6039926230474,110.34065102588791,106.52703877867427
2015-08,14.729999542236328,10.731666564941406,47.67714309692383,164.39633178710938,138.96225483148484,121.82125266861874,97.48675266224578,100.03416835976459
2015-09,12.930000305175781,9.676667213439941,52.59709930419922,160.2016143798828,121.98113056466696,134.39237562845284,87.90310969157782,97.48170832142547
2015-10,10.800000190734863,9.276666641235352,56.044532775878906,173.82835388183594,101.88679058554342,143.20101299076245,84.26949355085137,105.7734964575396
2015-11,11.130000114440918,8.15666675567627,56.579193115234375,174.4637451171875,104.99999730092185,144.56713914811422,74.09538395058371,106.16012816106073
2015-12,10.239999771118164,7.866666793823242,53.5949821472168,171.4485321044922,96.60376794909466,136.94209505492506,71.46101636357871,104.32538937538567
2016-01,9.210000038146973,8.243332862854004,53.1747932434082,162.91270446777344,86.8867896858507,135.86845818630323,74.88266123911187,99.13139015642982
2016-02,9.789999961853027,9.426667213439941,52.81463623046875,162.77809143066406,92.3584868823902,134.9482105451122,85.63210285232512,99.04947894179847
2016-03,9.619999885559082,9.984999656677246,52.84762954711914,173.72752380371094,90.7547126354465,135.03251272647134,90.70401004099948,105.71214196804924
2016-04,8.350000381469727,9.635000228881836,50.6724967956543,174.41220092773438,78.77358566955041,129.47476787658996,87.52460566396785,106.12876383516812
2016-05,9.84000015258789,8.765000343322754,47.47431564331055,177.37925720214844,92.83018677800784,121.30300235264396,79.62150290295288,107.93419953839289
2016-06,11.279999732971191,9.58666706085205,47.59577178955078,177.99583435058594,106.4150879908476,121.61333847847283,87.08554584333427,108.30938298441681
2016-07,11.329999923706055,11.001667022705078,47.854427337646484,184.48756408691406,106.88678788646526,122.2742367796703,99.93944420697642,112.25956105913744
2016-08,8.640000343322754,10.891667366027832,49.699623107910156,184.70848083496094,81.50943426782017,126.98895006891647,98.94020431645852,112.39398755714612
2016-09,8.300000190734863,9.925000190734863,45.52341842651367,184.71920776367188,78.30188577393277,116.31820822823991,90.15897325097283,112.40051482804681
2016-10,7.690000057220459,8.698332786560059,43.38774490356445,181.51670837402344,72.54716774032997,110.86128679886713,79.0158929934955,110.45181342070035
2016-11,7.0,9.91333293914795,43.292633056640625,188.20350646972656,66.0377334725098,110.61826375714811,90.05298761837618,114.52068940608149
2016-12,6.860000133514404,9.231666564941406,44.108341217041016,192.01866149902344,64.71698006262942,112.70250336248641,83.8607116267296,116.84218804519656
2017-01,7.300000190734863,9.600000381469727,45.90460205078125,195.45484924316406,68.86792384928852,117.2921815745589,87.20666609258504,118.93308739542208
2017-02,6.650000095367432,8.805000305175781,49.60125732421875,203.13458251953125,62.73584769857703,126.73761279888214,79.98486365070518,123.6061584011733
2017-03,7.070000171661377,9.954999923706055,48.51104736328125,203.3885040283203,66.69811242668179,123.95198567262547,90.43149164598616,123.76066809542405
2017-04,6.230000019073486,9.93166732788086,48.23249435424805,205.4073028564453,58.77358297047226,123.24024679124884,90.2195377072,124.98909490800447
2017-05,6.829999923706055,11.5600004196167,46.125972747802734,208.3062744140625,64.4339592255661,117.85781227018299,105.01136005885434,126.75310147501466
2017-06,7.710000038146973,11.376667022705078,51.53252029418945,209.63418579101562,72.73584679888431,131.6722388891255,103.34595446585546,127.56112747416527
2017-07,7.940000057220459,10.8100004196167,51.57618713378906,213.94302368164062,74.90565822149104,131.78381329888597,98.19833954109625,130.18302913279774
2017-08,8.930000305175781,10.649999618530273,46.284481048583984,214.56727600097656,84.24528286608992,118.26282143191675,96.74488788688352,130.5628828736482
2017-09,9.699999809265137,11.401666641235352,45.44309997558594,218.890625,91.50942886966385,116.11298422216787,103.57305168449929,133.1936144535133
2017-10,10.199999809265137,11.373332977294922,48.19510269165039,224.04864501953125,96.22640983198598,123.14470626845055,103.31566790614008,136.3322382745424
2017-11,10.930000305175781,12.454999923706055,52.954139709472656,230.89682006835938,103.11320671537842,135.30465993490338,113.14156003851315,140.4993111547253
2017-12,12.640000343322754,13.375,55.00300979614258,233.69725036621094,119.24528196639719,140.53978738383594,121.49886590001935,142.20335596430075
2018-01,13.510000228881836,14.28499984741211,59.9889030456543,246.8680877685547,127.45282776120644,153.27938799481964,129.7653294087866,150.21773044469563
2018-02,12.239999771118164,15.763333320617676,58.94248962402344,237.89190673828125,115.47169179838318,150.6056666778108,143.19455112217074,144.7557788631184
2018-03,16.25,15.005000114440918,58.60036849975586,231.3712158203125,153.30188127546919,149.73150305945083,136.30583153153137,140.78797808545397
2018-04,15.800000190734863,15.543333053588867,60.320281982421875,232.56695556640625,149.0566002087647,154.12610393799088,141.19606267793137,141.51557845083255
2018-05,17.84000015258789,18.860000610351562,63.32794189453125,238.22036743164062,168.3018821751619,161.81106310908666,171.32476149767385,144.95564519798057
2018-06,17.610000610351562,18.815000534057617,70.47442626953125,239.5903778076172,166.13207525101876,180.071252839192,170.91597957355208,145.78928818207427
2018-07,18.110000610351562,18.80500030517578,68.02447509765625,248.46640014648438,170.8490562133409,173.8113114637613,170.8251372208131,151.19029380889748
2018-08,20.65999984741211,20.30666732788086,72.88237762451172,256.39739990234375,194.905651923642,186.22387926297924,184.466321536187,156.01625893971493
2018-09,21.290000915527344,19.76333236694336,75.1167221069336,257.9219055175781,200.84905801272632,191.93291772588603,179.53065188701035,156.94391133756315
2018-10,20.540000915527344,21.19499969482422,66.53398132324219,240.09835815429688,193.77358656924315,170.00290754314943,192.53595705961862,146.09839113449908
2018-11,27.799999237060547,22.206666946411133,66.80260467529297,244.5520477294922,262.2641343075686,170.6892748696552,201.72597004922602,148.80843416249172
2018-12,25.979999542236328,21.325000762939453,65.93112182617188,223.01956176757812,245.09432648373271,168.46252373770668,193.71689031881803,135.70604737257383
2019-01,28.719999313354492,21.40833282470703,72.8141098022461,240.87579345703125,270.9433799979955,186.04944616810084,194.4738810476308,146.57145578939216
2019-02,25.68000030517578,24.65833282470703,76.23784637451172,248.6839599609375,242.26414510388122,194.7975348946603,223.9969699579159,151.32267763322457
2019-03,25.75,24.498332977294922,75.07880401611328,253.18528747558594,242.9245195595896,191.8360321110508,222.54352696690677,154.06170805773488
2019-04,27.850000381469727,26.36833381652832,78.30628967285156,263.5285339355469,262.73584320011344,200.0826744250536,239.53066574813607,160.35551064149425
2019-05,19.31999969482422,25.350000381469727,68.96686553955078,246.7229766845703,182.26414150511033,176.21924064486052,230.28009696550504,150.12943123236917
2019-06,19.75,29.328332901000977,75.05531311035156,263.8915100097656,186.32074801172408,191.77600981566295,266.4193784082126,160.5763793757552
2019-07,22.850000381469727,26.046667098999023,76.91497039794922,267.8814392089844,215.56603357689218,196.52767414775016,236.60863648626008,163.0042270346376
2019-08,22.299999237060547,24.575000762939453,75.74224090576172,263.39617919921875,210.3773437220252,193.53119897118003,223.2399792291031,160.27497358915778
2019-09,27.760000228881836,24.559999465942383,84.18590545654297,268.52130126953125,261.8867851873871,215.10585143302498,223.10370703679106,163.3935792081074
2019-10,34.9900016784668,25.483333587646484,80.2688217163086,274.4569091796875,330.09434357789445,205.09719703288295,231.4912994580127,167.0053605328333
2019-11,34.900001525878906,28.030000686645508,84.01911926269531,284.3917541503906,329.24528556516805,214.6796911863624,254.62529305451912,173.05065329346775
2019-12,41.88999938964844,28.143333435058594,91.04693603515625,292.65484619140625,395.1886592653145,232.6366698796172,255.6548108415488,178.07869456067567
2020-01,37.90999984741211,31.81833267211914,86.54447937011719,292.5367431640625,357.6414951237554,221.132312122564,289.03860444800057,178.00682958660556
2020-02,26.170000076293945,28.96666717529297,80.54835510253906,269.3778076171875,246.88678428769438,205.81144090450226,263.13399706178785,163.91475811308206
2020-03,16.989999771118164,22.333332061767578,74.564453125,235.7402801513672,160.2830109404434,190.5217992146027,202.87659942230292,143.44652716691002
2020-04,24.25,24.793333053588867,78.56575012207031,265.67535400390625,228.77357667262322,200.74562935248144,225.2233157302812,161.6618376003858
2020-05,28.649999618530273,30.421667098999023,89.06090545654297,278.33355712890625,270.28300554228707,227.5621054823125,276.35125617318226,169.36427723984275
2020-06,36.81999969482422,32.731666564941406,88.58209991455078,283.2696838378906,347.35847518638485,226.3386955394896,297.3353545164832,172.36788033051945
2020-07,35.939998626708984,34.875,88.1845932006836,299.95208740234375,339.0565786161394,225.32301459298148,316.8054540757514,182.51902147017168
2020-08,39.90999984741211,33.97833251953125,101.30962371826172,320.8877258300781,376.5094189730439,258.85916116356697,308.66010215303135,195.25823016438508
2020-09,42.72999954223633,36.668331146240234,113.6688461303711,308.87249755859375,403.113188721524,290.43856920805564,333.0961232683772,187.94703681399358
2020-10,52.33000183105469,42.22833251953125,108.72517395019531,301.17120361328125,493.6792447907342,277.80684887725266,383.6033278483704,183.26084627227837
2020-11,58.88999938964844,42.43166732788086,121.96266174316406,333.93170166015625,555.5660119842669,311.63033829747025,385.45042681005077,203.195410149377
2020-12,62.65999984741211,47.79666519165039,128.35025024414062,346.30322265625,591.1320527587008,327.95145114474644,434.18621417483763,210.7234054564271
2021-01,70.0199966430664,48.663333892822266,121.20101928710938,342.7742614746094,660.5659822944071,309.68424354314396,442.05905636574795,208.57605403354702
2021-02,76.72000122070312,54.35166549682617,122.52923583984375,352.30535888671875,723.7735703747742,313.07800822280103,493.7320162722686,214.3756688595697
2021-03,80.44999694824219,55.06999969482422,120.81104278564453,368.2996826171875,758.9622080474635,308.68780326099045,500.25738377835916,224.10811760378039
2021-04,100.12000274658203,56.366668701171875,120.5655746459961,387.7865905761719,944.5282938065333,308.06060049002286,512.0363605050093,235.96578261606703
2021-05,101.23999786376953,55.90666580200195,124.306884765625,390.3329162597656,955.0942850978677,317.6201306084368,507.85768158464543,237.51520631282733
2021-06,116.5199966430664,64.01166534423828,140.73114013671875,399.08697509765625,1099.2452117903651,359.58622239771233,581.4837191548802,242.84199789084659
2021-07,135.80999755859375,68.4749984741211,152.59153747558594,408.8298034667969,1281.2263459538028,389.89106801379904,622.0287594101883,248.77044971689472
2021-08,142.82000732421875,69.74166870117188,150.31590270996094,420.9964904785156,1347.3585111740936,384.0765275493856,633.5352264050287,256.17380478984694
2021-09,143.47999572753906,60.03333282470703,132.51412963867188,401.3757629394531,1353.5848166417243,338.5907002870797,545.3444377121727,244.23471137670822
2021-10,161.4499969482422,65.88500213623047,152.6426239013672,429.5376281738281,1523.1131239436484,390.0216004236455,598.5011618222321,261.3710351471719
2021-11,164.02000427246094,67.56666564941406,154.421875,426.08642578125,1547.3584751863848,394.5678165676546,613.7774391812787,259.27099947466144
2021-12,128.22000122070312,61.051666259765625,152.3502197265625,445.79193115234375,1209.6226094939534,389.27447002642714,554.5950064948038,271.26167968314047
2022-01,102.62000274658203,53.371665954589844,135.34829711914062,422.2803039550781,968.1131986181439,345.8323639086074,484.82967362073566,256.95499748472594
2022-02,83.7300033569336,48.106666564941406,124.81802368164062,409.8158264160156,789.9056636196473,318.92615649405076,437.00227513052414,249.37043868645685
2022-03,76.4000015258789,45.628334045410156,123.2796859741211,425.2209777832031,720.7547054379047,314.9955051507765,414.48903472333274,258.74437962978953
2022-04,66.43000030517578,44.29166793823242,114.24625396728516,387.8997497558594,626.6980935331346,291.91392073762506,402.34672323854113,236.034639288897
2022-05,55.7599983215332,44.7599983215332,108.88668060302734,388.77532958984375,526.037701083572,278.2195192153708,406.6010492525648,236.56742429433515
2022-06,48.66999816894531,42.55833435058594,93.86446380615234,356.71673583984375,459.1509095983358,239.83581689632487,386.6010735095348,217.05996491429406
2022-07,71.63999938964844,52.20166778564453,105.54698944091797,389.56591796875,675.8490265234811,269.68617735662315,474.20137824638397,237.04849251610787
2022-08,73.69999694824219,53.595001220703125,97.76781463623047,373.6708679199219,695.2829650561148,249.80938193898137,486.858457287894,227.37645120358977
2022-09,68.66000366210938,52.10166549682617,76.55992889404297,339.1264953613281,647.7358602942751,195.6204972922225,473.2929547189943,206.35641053209977
2022-10,70.75,58.3216667175293,85.36540985107422,366.68927001953125,667.4528061685811,218.11963735928802,529.795615968502,223.12819132944446
2022-11,101.0,66.4800033569336,101.0329360961914,387.07403564453125,952.83015438907,258.15218858658216,603.9061691885541,235.53219727251067
2022-12,108.43000030517578,66.52666473388672,108.10602569580078,364.76763916015625,1022.9244943681936,276.22484519501444,604.3300424133121,221.9588906350654
2023-01,121.7699966430664,71.24666595458984,117.64071655273438,387.7068786621094,1148.7735118947476,300.58721065047774,647.2066626273036,235.91727840100992
2023-02,121.70999908447266,69.39167022705078,109.75054931640625,377.95892333984375,1148.2074972114024,280.4268152480023,630.3558306912007,229.9857068551572
2023-03,126.44000244140625,74.92500305175781,113.63068389892578,391.9728088378906,1192.8301687841533,290.34105978242064,680.620777446285,238.51307097603964
2023-04,123.66999816894531,79.88999938964844,117.41094970703125,398.2344970703125,1166.698053946655,300.0001267115687,725.7229400071419,242.32327019428985
2023-05,112.27999877929688,79.16666412353516,97.52745056152344,400.0728454589844,1059.2452333829904,249.19522071254593,719.1521426614783,243.44189401160497
2023-06,112.44000244140625,87.9433364868164,102.59867858886719,425.99749755859375,1060.7547018391338,262.15286269212766,798.8796745130456,259.21688719186034
2023-07,108.3499984741211,90.61499786376953,102.61726379394531,439.9418029785156,1022.1697601401218,262.2003502892581,823.149119549957,267.70191225825187
2023-08,97.33999633789062,88.1816635131836,94.54843139648438,432.7918701171875,918.3018191966715,241.5834423458951,801.0446437404802,263.3512215838557
2023-09,88.2300033569336,85.6816635131836,89.18537139892578,412.2625732421875,832.3584922805464,227.88013202565693,778.3345753479533,250.85926925391715
2023-10,89.31999969482422,99.51000213623047,95.85421752929688,403.3129577636719,842.6414762302084,244.9198944083257,903.95158170172,245.4134826490655
2023-11,105.61000061035156,110.66166687011719,102.84951782226562,440.1531066894531,996.3207246197135,262.7937893006896,1005.2536092205594,267.83048928162697
2023-12,93.41000366210938,111.40499877929688,101.6048355102539,460.2484130859375,881.2264179292205,259.61346538498236,1012.0060566188869,280.0583610440588
2024-01,101.4800033569336,125.62166595458984,95.0164794921875,467.57861328125,957.358487782083,242.77936562535425,1141.1506501647655,284.51874329515573
2024-02,122.25,149.26499938964844,97.26251983642578,491.9800109863281,1153.3018452877604,248.51828852438626,1355.9273378997657,299.36684543775334
2024-03,143.8000030517578,156.8766632080078,88.26507568359375,508.0687255859375,1356.603753554011,225.5286577219346,1425.0719002581113,309.15673045193785
2024-04,124.37000274658203,136.4116668701172,86.64966583251953,487.58355712890625,1173.3018704791566,221.4010771068162,1239.1673136635873,296.6916299960316
2024-05,155.63999938964844,182.32000732421875,89.27001190185547,512.2453002929688,1468.3018281935988,228.0963994322932,1656.1999342636113,311.69815076751604
2024-06,145.94000244140625,161.3249969482422,71.0633773803711,530.3175048828125,1376.7924263147165,181.57609892313687,1465.4806856475147,322.69497738110294
2024-07,134.3699951171875,153.77166748046875,70.58251953125,536.7391967773438,1267.6414177501815,180.34744507077863,1396.866034125745,326.6025378549215
2024-08,146.1699981689453,159.8816680908203,78.55912017822266,549.2803955078125,1378.9621972511509,200.72868899045093,1452.3694468215313,334.23378103169506
2024-09,144.80999755859375,159.4499969482422,83.72062683105469,560.8178100585938,1366.1320032756014,213.91700450732546,1448.4481343531195,341.2542276381549
2024-10,107.81999969482422,160.88999938964844,73.04718017578125,555.8132934570312,1017.1697718361271,186.64497104689391,1461.529155925016,338.20900971365614
2024-11,105.5999984741211,195.9600067138672,74.60037231445312,588.9584350585938,996.22636484735,190.61357737851503,1780.1060618687882,358.3776268551423
2024-12,108.70999908447266,205.75999450683594,71.05931091308594,576.8866577148438,1025.5659921910271,181.56570857450362,1869.1294190784881,351.03202373809654
