date,stock_price_raw,stock_price_normalized,trends_score,trends_normalized,sentiment_score,sentiment_normalized,mention_count,event_flag,event_name
2015-01,11.16,2.88,13.38,0.59,,,,0,
2015-02,10.7,2.6,12.9,0.0,,,,0,
2015-03,11.68,3.18,15.76,3.55,,,,0,
2015-04,12.59,3.73,18.38,6.8,,,,0,
2015-05,14.71,4.99,22.08,11.4,,,,0,
2015-06,15.1,5.22,24.8,14.78,,,,0,
2015-07,14.61,4.93,23.78,13.51,,,,0,
2015-08,14.67,4.96,20.48,9.41,,,,0,
2015-09,14.21,4.69,17.02,5.12,,,,0,
2015-10,11.2,2.9,14.62,2.14,,,,0,
2015-11,10.32,2.38,15.68,3.45,,,,0,
2015-12,10.73,2.62,17.03,5.12,,,,0,
2016-01,9.02,1.6,14.44,1.91,-0.1109,24.76,13.0,0,
2016-02,9.31,1.77,14.12,1.52,-0.0444,36.9,14.0,0,
2016-03,9.55,1.92,16.08,3.94,0.1794,77.76,19.0,0,
2016-04,9.27,1.75,18.08,6.43,0.0229,49.19,18.0,0,
2016-05,9.07,1.63,23.06,12.62,-0.1389,19.65,50.0,0,
2016-06,10.7,2.6,24.42,14.31,-0.1894,10.43,32.0,0,
2016-07,11.67,3.18,23.08,12.64,-0.1539,16.91,25.0,0,
2016-08,8.84,1.49,18.58,7.05,-0.2465,0.0,28.0,0,
2016-09,8.41,1.24,16.73,4.75,-0.0207,41.23,46.0,0,
2016-10,8.17,1.09,15.16,2.81,0.0573,55.47,26.0,0,
2016-11,7.93,0.95,15.85,3.66,-0.0732,31.64,18.0,0,
2016-12,7.18,0.5,16.7,4.72,0.0216,48.95,19.0,0,
2017-01,7.13,0.48,14.3,1.74,-0.2287,3.25,30.0,0,
2017-02,6.93,0.35,14.5,1.99,-0.0807,30.27,22.0,0,
2017-03,6.79,0.27,16.65,4.66,-0.1454,18.46,36.0,0,
2017-04,6.33,0.0,19.06,7.65,-0.0569,34.62,23.0,0,
2017-05,6.46,0.08,22.78,12.26,0.0997,63.21,18.0,0,
2017-06,7.28,0.56,25.4,15.52,-0.0308,39.38,12.0,0,
2017-07,7.7,0.81,23.38,13.01,0.0649,56.86,27.0,0,
2017-08,8.69,1.4,19.9,8.69,-0.0727,31.73,34.0,0,
2017-09,9.26,1.74,17.95,6.27,0.0674,57.31,39.0,0,
2017-10,9.95,2.15,17.0,5.09,-0.0298,39.57,64.0,1,Balenciaga Runway Platform Crocs Shown
2017-11,10.42,2.43,17.68,5.93,-0.0571,34.58,20.0,0,
2017-12,11.88,3.31,17.78,6.06,0.1749,76.94,16.0,0,
2018-01,13.53,4.29,15.1,2.73,-0.0548,35.0,23.0,0,
2018-02,13.3,4.15,15.18,2.83,0.0118,47.16,47.0,1,Official Balenciaga x Crocs Collab Release
2018-03,14.74,5.01,17.88,6.18,0.0238,49.35,30.0,0,
2018-04,16.24,5.9,22.28,11.65,-0.0436,37.05,16.0,0,
2018-05,16.33,5.96,26.08,16.36,0.0317,50.79,40.0,0,
2018-06,18.49,7.25,27.32,17.91,-0.0071,43.71,44.0,0,
2018-07,17.46,6.63,29.0,19.99,-0.0901,28.56,52.0,0,
2018-08,19.12,7.62,31.18,22.69,-0.0978,27.15,39.0,0,
2018-09,21.24,8.88,21.32,10.46,-0.0476,36.32,9.0,0,
2018-10,19.73,7.98,19.9,8.69,0.0091,46.67,12.0,0,
2018-11,25.26,11.28,23.17,12.76,0.0266,49.86,57.0,1,Post Malone x Crocs Dimitri Clog Collab
2018-12,25.76,11.58,24.78,14.75,0.0701,57.81,31.0,0,
2019-01,29.3,13.69,19.08,7.67,0.1098,65.05,30.0,0,
2019-02,27.57,12.65,18.9,7.45,0.0024,45.44,31.0,0,
2019-03,25.29,11.3,22.7,12.17,-0.0145,42.36,29.0,0,
2019-04,26.85,12.23,27.05,17.57,-0.0575,34.51,33.0,0,
2019-05,23.33,10.13,31.6,23.22,0.1171,66.39,35.0,0,
2019-06,19.1,7.61,39.02,32.44,0.1373,70.07,32.0,0,
2019-07,22.0,9.33,34.92,27.35,0.0759,58.86,28.0,0,
2019-08,23.99,10.52,31.25,22.79,0.0294,50.37,31.0,0,
2019-09,26.94,12.28,28.94,19.92,0.0695,57.7,41.0,0,
2019-10,31.86,15.21,25.82,16.05,0.2263,86.32,31.0,0,
2019-11,35.34,17.29,30.72,22.14,0.0252,49.61,19.0,0,
2019-12,37.9,18.81,35.94,28.61,0.0571,55.43,50.0,0,
2020-01,41.69,21.07,24.0,13.78,0.0233,49.26,19.0,0,
2020-02,36.23,17.81,24.4,14.28,0.1759,77.12,43.0,0,
2020-03,18.69,7.36,29.74,20.91,0.2495,90.56,38.0,1,COVID-19 Lockdowns Begin & Healthcare Surge
2020-04,20.96,8.72,59.25,57.56,0.075,58.7,35.0,0,
2020-05,25.1,11.18,54.7,51.91,-0.1022,26.35,21.0,0,
2020-06,32.94,15.85,48.05,43.65,0.1765,77.23,39.0,0,
2020-07,35.5,17.38,45.95,41.04,0.054,54.87,27.0,0,
2020-08,39.07,19.51,38.74,32.09,-0.0108,43.03,24.0,0,
2020-09,41.6,21.02,42.98,37.35,-0.1528,17.11,49.0,1,Bad Bunny x Crocs Glow-in-the-Dark Collab
2020-10,50.11,26.09,38.78,32.13,0.0575,55.5,64.0,1,Justin Bieber x Crocs drew house Collab
2020-11,57.64,30.57,40.56,34.35,0.0025,45.46,6.0,0,
2020-12,63.56,34.1,47.7,43.22,0.1074,64.62,30.0,0,
2021-01,71.54,38.86,32.86,24.79,0.0804,59.69,32.0,0,
2021-02,78.32,42.89,31.78,23.44,0.0244,49.46,27.0,0,
2021-03,78.39,42.93,42.8,37.13,0.1265,68.1,41.0,0,
2021-04,84.04,46.3,47.7,43.22,0.0527,54.63,23.0,0,
2021-05,102.46,57.28,56.8,54.52,0.278,95.76,30.0,0,
2021-06,108.44,60.84,63.62,62.99,0.0412,52.53,47.0,0,
2021-07,121.22,68.46,58.55,56.69,0.133,69.29,49.0,0,
2021-08,142.2,80.96,49.66,45.65,0.1227,67.41,21.0,0,
2021-09,148.24,84.56,42.8,37.13,0.1215,67.19,30.0,0,
2021-10,142.09,80.9,40.14,33.83,0.0832,60.2,40.0,0,
2021-11,174.15,100.0,51.38,47.78,0.1618,74.55,26.0,0,
2021-12,146.24,83.37,56.1,53.65,0.1639,74.93,34.0,0,
2022-01,115.59,65.11,35.82,28.46,0.0002,45.04,22.0,0,
2022-02,94.13,52.32,38.18,31.39,0.171,76.23,45.0,0,
2022-03,76.69,41.92,43.55,38.06,0.1735,76.68,33.0,0,
2022-04,71.81,39.02,50.12,46.23,0.2935,98.59,22.0,0,
2022-05,57.65,30.58,63.02,62.24,0.1509,72.56,42.0,0,
2022-06,53.18,27.91,71.43,72.68,0.0669,57.22,36.0,0,
2022-07,58.05,30.82,72.98,74.61,0.1117,65.4,24.0,0,
2022-08,75.17,41.02,65.05,64.76,0.0418,52.64,27.0,0,
2022-09,73.97,40.31,60.18,58.71,0.083,60.16,49.0,0,
2022-10,76.22,41.64,54.4,51.54,0.2392,88.68,47.0,0,
2022-11,89.91,49.8,63.1,62.34,0.1091,64.93,33.0,0,
2022-12,99.2,55.34,65.8,65.69,0.0933,62.04,20.0,0,
2023-01,119.71,67.56,49.3,45.2,0.1612,74.44,36.0,0,
2023-02,122.37,69.15,49.9,45.95,0.1976,81.08,31.0,0,
2023-03,120.5,68.03,55.05,52.34,0.0813,59.85,33.0,0,
2023-04,134.78,76.54,63.0,62.22,0.0904,61.51,29.0,0,
2023-05,113.45,63.83,74.1,76.0,0.2034,82.14,23.0,0,
2023-06,111.05,62.4,89.78,95.47,0.0551,55.07,48.0,0,
2023-07,119.08,67.18,89.8,95.5,0.0574,55.49,15.0,0,
2023-08,99.53,55.53,79.03,82.12,0.0339,51.2,34.0,0,
2023-09,90.18,49.97,71.92,73.3,0.0126,47.31,51.0,0,
2023-10,86.07,47.51,69.26,69.99,0.204,82.25,31.0,0,
2023-11,89.31,49.45,79.25,82.4,0.0869,60.87,57.0,0,
2023-12,102.34,57.21,72.58,74.11,0.1955,80.7,12.0,0,
2024-01,99.81,55.7,54.3,51.41,0.096,62.53,24.0,0,
2024-02,111.27,62.53,57.22,55.05,0.0358,51.54,44.0,0,
2024-03,131.45,74.56,65.34,65.12,0.1741,76.79,32.0,0,
2024-04,128.29,72.67,71.68,72.99,-0.0194,41.46,40.0,0,
2024-05,141.31,80.43,80.95,84.51,0.099,63.08,38.0,0,
2024-06,152.95,87.37,91.56,97.68,0.2153,84.32,22.0,0,
2024-07,136.99,77.86,93.42,100.0,0.0995,63.17,5.0,0,
2024-08,135.5,76.97,84.88,89.38,0.0919,61.79,28.0,0,
2024-09,136.94,77.83,75.34,77.54,0.3012,100.0,67.0,0,
2024-10,133.52,75.79,68.72,69.33,0.0708,57.93,43.0,0,
2024-11,102.49,57.3,74.35,76.31,0.2287,86.76,25.0,0,
2024-12,110.78,62.24,73.16,74.83,0.1232,67.5,32.0,0,
