Date,trends_score
2014-12-28,14.2
2015-01-04,14.2
2015-01-11,13.5
2015-01-18,12.7
2015-01-25,13.1
2015-02-01,13.1
2015-02-08,12.3
2015-02-15,13.1
2015-02-22,13.1
2015-03-01,13.8
2015-03-08,15.4
2015-03-15,16.2
2015-03-22,16.5
2015-03-29,16.9
2015-04-05,17.7
2015-04-12,19.6
2015-04-19,18.5
2015-04-26,17.7
2015-05-03,21.5
2015-05-10,21.9
2015-05-17,21.2
2015-05-24,23.1
2015-05-31,22.7
2015-06-07,22.7
2015-06-14,25.4
2015-06-21,24.2
2015-06-28,26.9
2015-07-05,26.2
2015-07-12,23.5
2015-07-19,23.1
2015-07-26,22.3
2015-08-02,22.3
2015-08-09,21.2
2015-08-16,21.2
2015-08-23,18.5
2015-08-30,19.2
2015-09-06,20.0
2015-09-13,16.9
2015-09-20,15.8
2015-09-27,15.4
2015-10-04,15.0
2015-10-11,15.8
2015-10-18,14.2
2015-10-25,13.5
2015-11-01,14.2
2015-11-08,15.4
2015-11-15,14.6
2015-11-22,16.5
2015-11-29,17.7
2015-12-06,17.3
2015-12-13,18.1
2015-12-20,17.3
2015-12-27,15.4
2016-01-03,15.0
2016-01-10,15.0
2016-01-17,14.6
2016-01-24,13.8
2016-01-31,13.8
2016-02-07,13.8
2016-02-14,13.5
2016-02-21,14.6
2016-02-28,14.6
2016-03-06,16.2
2016-03-13,16.2
2016-03-20,15.4
2016-03-27,16.5
2016-04-03,17.7
2016-04-10,17.7
2016-04-17,18.8
2016-04-24,18.1
2016-05-01,22.3
2016-05-08,22.3
2016-05-15,21.5
2016-05-22,23.8
2016-05-29,25.4
2016-06-05,26.2
2016-06-12,23.5
2016-06-19,23.8
2016-06-26,24.2
2016-07-03,25.8
2016-07-10,23.1
2016-07-17,22.7
2016-07-24,22.3
2016-07-31,21.5
2016-08-07,19.6
2016-08-14,18.5
2016-08-21,18.5
2016-08-28,17.7
2016-09-04,17.7
2016-09-11,16.9
2016-09-18,16.5
2016-09-25,15.8
2016-10-02,15.8
2016-10-09,15.8
2016-10-16,15.0
2016-10-23,13.8
2016-10-30,15.4
2016-11-06,14.6
2016-11-13,14.6
2016-11-20,16.5
2016-11-27,17.7
2016-12-04,16.5
2016-12-11,16.9
2016-12-18,16.9
2016-12-25,16.5
2017-01-01,15.0
2017-01-08,15.0
2017-01-15,14.2
2017-01-22,13.8
2017-01-29,13.5
2017-02-05,13.8
2017-02-12,13.8
2017-02-19,15.0
2017-02-26,15.4
2017-03-05,15.8
2017-03-12,16.2
2017-03-19,16.9
2017-03-26,17.7
2017-04-02,17.7
2017-04-09,20.0
2017-04-16,18.8
2017-04-23,18.8
2017-04-30,20.0
2017-05-07,19.2
2017-05-14,21.5
2017-05-21,24.6
2017-05-28,25.8
2017-06-04,23.8
2017-06-11,26.2
2017-06-18,26.2
2017-06-25,25.4
2017-07-02,25.4
2017-07-09,24.6
2017-07-16,23.1
2017-07-23,21.9
2017-07-30,21.9
2017-08-06,21.9
2017-08-13,20.0
2017-08-20,19.2
2017-08-27,18.5
2017-09-03,19.2
2017-09-10,18.8
2017-09-17,16.9
2017-09-24,16.9
2017-10-01,19.6
2017-10-08,17.3
2017-10-15,16.2
2017-10-22,16.5
2017-10-29,15.4
2017-11-05,16.5
2017-11-12,15.8
2017-11-19,19.6
2017-11-26,18.8
2017-12-03,18.5
2017-12-10,18.8
2017-12-17,18.1
2017-12-24,17.7
2017-12-31,15.8
2018-01-07,14.6
2018-01-14,15.0
2018-01-21,15.4
2018-01-28,15.4
2018-02-04,16.5
2018-02-11,13.8
2018-02-18,14.6
2018-02-25,15.8
2018-03-04,16.5
2018-03-11,18.1
2018-03-18,18.1
2018-03-25,18.8
2018-04-01,19.2
2018-04-08,21.9
2018-04-15,21.9
2018-04-22,23.8
2018-04-29,24.6
2018-05-06,26.9
2018-05-13,23.5
2018-05-20,25.8
2018-05-27,28.1
2018-06-03,29.6
2018-06-10,27.3
2018-06-17,26.2
2018-06-24,26.2
2018-07-01,27.3
2018-07-08,28.5
2018-07-15,32.7
2018-07-22,29.2
2018-07-29,27.3
2018-08-05,38.5
2018-08-12,36.5
2018-08-19,26.2
2018-08-26,23.5
2018-09-02,22.3
2018-09-09,21.2
2018-09-16,19.6
2018-09-23,22.7
2018-09-30,20.8
2018-10-07,19.6
2018-10-14,19.6
2018-10-21,18.5
2018-10-28,21.9
2018-11-04,21.9
2018-11-11,20.0
2018-11-18,25.4
2018-11-25,25.4
2018-12-02,23.1
2018-12-09,31.2
2018-12-16,24.6
2018-12-23,24.6
2018-12-30,20.4
2019-01-06,19.6
2019-01-13,19.6
2019-01-20,18.2
2019-01-27,18.9
2019-02-03,18.2
2019-02-10,18.9
2019-02-17,18.9
2019-02-24,19.6
2019-03-03,21.0
2019-03-10,21.7
2019-03-17,22.4
2019-03-24,23.8
2019-03-31,24.6
2019-04-07,26.0
2019-04-14,26.7
2019-04-21,26.7
2019-04-28,28.8
2019-05-05,29.5
2019-05-12,29.5
2019-05-19,31.6
2019-05-26,35.8
2019-06-02,38.6
2019-06-09,40.0
2019-06-16,37.9
2019-06-23,38.6
2019-06-30,40.0
2019-07-07,35.8
2019-07-14,35.1
2019-07-21,33.7
2019-07-28,35.1
2019-08-04,34.4
2019-08-11,32.3
2019-08-18,30.9
2019-08-25,27.4
2019-09-01,28.8
2019-09-08,30.9
2019-09-15,30.2
2019-09-22,26.7
2019-09-29,28.1
2019-10-06,26.7
2019-10-13,26.0
2019-10-20,25.3
2019-10-27,25.3
2019-11-03,26.0
2019-11-10,31.6
2019-11-17,29.5
2019-11-24,35.8
2019-12-01,36.5
2019-12-08,42.1
2019-12-15,37.2
2019-12-22,36.5
2019-12-29,27.4
2020-01-05,26.7
2020-01-12,23.8
2020-01-19,23.8
2020-01-26,21.7
2020-02-02,21.7
2020-02-09,26.0
2020-02-16,25.3
2020-02-23,24.6
2020-03-01,26.0
2020-03-08,22.4
2020-03-15,18.2
2020-03-22,35.1
2020-03-29,47.0
2020-04-05,53.3
2020-04-12,61.0
2020-04-19,63.1
2020-04-26,59.6
2020-05-03,56.8
2020-05-10,54.0
2020-05-17,56.8
2020-05-24,58.9
2020-05-31,47.0
2020-06-07,45.6
2020-06-14,49.1
2020-06-21,48.4
2020-06-28,49.1
2020-07-05,48.4
2020-07-12,45.6
2020-07-19,44.2
2020-07-26,45.6
2020-08-02,40.0
2020-08-09,41.4
2020-08-16,41.4
2020-08-23,36.5
2020-08-30,34.4
2020-09-06,35.1
2020-09-13,31.6
2020-09-20,35.1
2020-09-27,70.1
2020-10-04,38.6
2020-10-11,44.2
2020-10-18,36.5
2020-10-25,35.8
2020-11-01,32.3
2020-11-08,39.3
2020-11-15,35.8
2020-11-22,48.4
2020-11-29,47.0
2020-12-06,53.3
2020-12-13,47.7
2020-12-20,47.7
2020-12-27,42.1
2021-01-03,34.4
2021-01-10,34.4
2021-01-17,33.0
2021-01-24,32.3
2021-01-31,30.2
2021-02-07,33.0
2021-02-14,27.4
2021-02-21,32.3
2021-02-28,34.4
2021-03-07,36.5
2021-03-14,43.5
2021-03-21,43.5
2021-03-28,47.7
2021-04-04,47.7
2021-04-11,47.0
2021-04-18,45.6
2021-04-25,50.5
2021-05-02,49.1
2021-05-09,68.7
2021-05-16,56.1
2021-05-23,54.0
2021-05-30,56.1
2021-06-06,67.3
2021-06-13,67.3
2021-06-20,60.3
2021-06-27,59.6
2021-07-04,58.2
2021-07-11,58.2
2021-07-18,61.7
2021-07-25,56.1
2021-08-01,53.3
2021-08-08,51.2
2021-08-15,50.5
2021-08-22,48.4
2021-08-29,44.9
2021-09-05,45.6
2021-09-12,43.5
2021-09-19,42.8
2021-09-26,39.3
2021-10-03,40.0
2021-10-10,39.3
2021-10-17,40.7
2021-10-24,40.0
2021-10-31,40.7
2021-11-07,46.3
2021-11-14,46.3
2021-11-21,58.9
2021-11-28,54.0
2021-12-05,54.0
2021-12-12,60.3
2021-12-19,58.2
2021-12-26,51.9
2022-01-02,42.1
2022-01-09,37.2
2022-01-16,31.3
2022-01-23,33.3
2022-01-30,35.2
2022-02-06,35.2
2022-02-13,42.1
2022-02-20,37.2
2022-02-27,38.2
2022-03-06,38.2
2022-03-13,45.0
2022-03-20,46.0
2022-03-27,45.0
2022-04-03,47.9
2022-04-10,50.9
2022-04-17,47.9
2022-04-24,53.8
2022-05-01,65.5
2022-05-08,60.7
2022-05-15,60.7
2022-05-22,64.6
2022-05-29,63.6
2022-06-05,68.5
2022-06-12,73.4
2022-06-19,73.4
2022-06-26,70.4
2022-07-03,75.3
2022-07-10,73.4
2022-07-17,72.4
2022-07-24,72.4
2022-07-31,71.4
2022-08-07,71.4
2022-08-14,67.5
2022-08-21,61.6
2022-08-28,59.7
2022-09-04,65.5
2022-09-11,60.7
2022-09-18,59.7
2022-09-25,54.8
2022-10-02,63.6
2022-10-09,56.7
2022-10-16,51.9
2022-10-23,49.9
2022-10-30,49.9
2022-11-06,59.7
2022-11-13,56.7
2022-11-20,71.4
2022-11-27,64.6
2022-12-04,63.6
2022-12-11,69.5
2022-12-18,62.6
2022-12-25,67.5
2023-01-01,50.9
2023-01-08,49.9
2023-01-15,47.9
2023-01-22,49.9
2023-01-29,47.9
2023-02-05,46.0
2023-02-12,47.9
2023-02-19,49.9
2023-02-26,55.8
2023-03-05,55.8
2023-03-12,51.9
2023-03-19,55.8
2023-03-26,56.7
2023-04-02,61.6
2023-04-09,63.6
2023-04-16,63.6
2023-04-23,61.6
2023-04-30,64.6
2023-05-07,68.5
2023-05-14,70.4
2023-05-21,75.3
2023-05-28,82.2
2023-06-04,87.1
2023-06-11,87.1
2023-06-18,90.0
2023-06-25,94.9
2023-07-02,89.0
2023-07-09,95.9
2023-07-16,88.0
2023-07-23,89.0
2023-07-30,87.1
2023-08-06,78.3
2023-08-13,87.1
2023-08-20,76.3
2023-08-27,74.4
2023-09-03,74.4
2023-09-10,77.3
2023-09-17,68.5
2023-09-24,67.5
2023-10-01,68.5
2023-10-08,67.5
2023-10-15,80.2
2023-10-22,70.4
2023-10-29,59.7
2023-11-05,67.5
2023-11-12,72.4
2023-11-19,95.9
2023-11-26,81.2
2023-12-03,75.3
2023-12-10,75.3
2023-12-17,76.3
2023-12-24,77.3
2023-12-31,58.7
2024-01-07,55.8
2024-01-14,52.8
2024-01-21,53.8
2024-01-28,54.8
2024-02-04,52.8
2024-02-11,53.8
2024-02-18,59.7
2024-02-25,62.6
2024-03-03,61.6
2024-03-10,63.6
2024-03-17,66.5
2024-03-24,67.5
2024-03-31,67.5
2024-04-07,72.4
2024-04-14,70.4
2024-04-21,69.5
2024-04-28,74.4
2024-05-05,75.3
2024-05-12,76.3
2024-05-19,85.1
2024-05-26,87.1
2024-06-02,90.0
2024-06-09,92.9
2024-06-16,91.0
2024-06-23,93.9
2024-06-30,90.0
2024-07-07,91.0
2024-07-14,97.8
2024-07-21,94.9
2024-07-28,90.0
2024-08-04,89.0
2024-08-11,92.0
2024-08-18,81.2
2024-08-25,77.3
2024-09-01,71.4
2024-09-08,69.5
2024-09-15,82.2
2024-09-22,79.2
2024-09-29,74.4
2024-10-06,69.5
2024-10-13,71.4
2024-10-20,67.5
2024-10-27,66.5
2024-11-03,61.6
2024-11-10,67.5
2024-11-17,78.3
2024-11-24,90.0
2024-12-01,80.2
2024-12-08,77.3
2024-12-15,71.4
2024-12-22,75.3
2024-12-29,61.6
2025-01-05,55.0
2025-01-12,49.0
2025-01-19,47.0
2025-01-26,46.0
2025-02-02,48.0
2025-02-09,47.0
2025-02-16,51.0
2025-02-23,52.0
2025-03-02,63.0
2025-03-09,78.0
2025-03-16,69.0
2025-03-23,68.0
2025-03-30,70.0
2025-04-06,65.0
2025-04-13,68.0
2025-04-20,68.0
2025-04-27,72.0
2025-05-04,73.0
2025-05-11,74.0
2025-05-18,75.0
2025-05-25,81.0
2025-06-01,85.0
2025-06-08,85.0
2025-06-15,93.0
2025-06-22,87.0
2025-06-29,89.0
2025-07-06,87.0
2025-07-13,85.0
2025-07-20,80.0
2025-07-27,83.0
2025-08-03,89.0
2025-08-10,81.0
2025-08-17,81.0
2025-08-24,76.0
2025-08-31,72.0
2025-09-07,63.0
2025-09-14,62.0
2025-09-21,60.0
2025-09-28,63.0
2025-10-05,59.0
2025-10-12,59.0
2025-10-19,64.0
2025-10-26,53.0
2025-11-02,54.0
2025-11-09,61.0
2025-11-16,71.0
2025-11-23,85.0
2025-11-30,81.0
2025-12-07,75.0
2025-12-14,71.0
2025-12-21,75.0
2025-12-28,57.0
2026-01-04,56.0
2026-01-11,53.0
2026-01-18,55.0
2026-01-25,49.0
2026-02-01,47.0
2026-02-08,49.0
2026-02-15,55.0
2026-02-22,59.0
2026-03-01,68.0
2026-03-08,71.0
2026-03-15,68.0
2026-03-22,74.0
2026-03-29,77.0
2026-04-05,78.0
2026-04-12,86.0
2026-04-19,86.0
2026-04-26,84.0
2026-05-03,80.0
2026-05-10,79.0
2026-05-17,86.0
2026-05-24,98.0
2026-05-31,88.0
2026-06-07,87.0
2026-06-14,89.0
2026-06-21,100.0
2026-06-28,87.0
2026-07-05,91.0
2026-07-12,89.0
2026-07-19,89.0
2026-07-26,88.0
2026-08-02,84.0
2026-08-09,87.0
2026-08-16,85.0
2026-08-23,80.0
2026-08-30,74.0
2026-09-06,66.0
2026-09-13,64.0
