date,sentiment_score,mention_count
2016-01,-0.1109,13
2016-02,-0.0444,14
2016-03,0.1794,19
2016-04,0.0229,18
2016-05,-0.1389,50
2016-06,-0.1894,32
2016-07,-0.1539,25
2016-08,-0.2465,28
2016-09,-0.0207,46
2016-10,0.0573,26
2016-11,-0.0732,18
2016-12,0.0216,19
2017-01,-0.2287,30
2017-02,-0.0807,22
2017-03,-0.1454,36
2017-04,-0.0569,23
2017-05,0.0997,18
2017-06,-0.0308,12
2017-07,0.0649,27
2017-08,-0.0727,34
2017-09,0.0674,39
2017-10,-0.0298,64
2017-11,-0.0571,20
2017-12,0.1749,16
2018-01,-0.0548,23
2018-02,0.0118,47
2018-03,0.0238,30
2018-04,-0.0436,16
2018-05,0.0317,40
2018-06,-0.0071,44
2018-07,-0.0901,52
2018-08,-0.0978,39
2018-09,-0.0476,9
2018-10,0.0091,12
2018-11,0.0266,57
2018-12,0.0701,31
2019-01,0.1098,30
2019-02,0.0024,31
2019-03,-0.0145,29
2019-04,-0.0575,33
2019-05,0.1171,35
2019-06,0.1373,32
2019-07,0.0759,28
2019-08,0.0294,31
2019-09,0.0695,41
2019-10,0.2263,31
2019-11,0.0252,19
2019-12,0.0571,50
2020-01,0.0233,19
2020-02,0.1759,43
2020-03,0.2495,38
2020-04,0.075,35
2020-05,-0.1022,21
2020-06,0.1765,39
2020-07,0.054,27
2020-08,-0.0108,24
2020-09,-0.1528,49
2020-10,0.0575,64
2020-11,0.0025,6
2020-12,0.1074,30
2021-01,0.0804,32
2021-02,0.0244,27
2021-03,0.1265,41
2021-04,0.0527,23
2021-05,0.278,30
2021-06,0.0412,47
2021-07,0.133,49
2021-08,0.1227,21
2021-09,0.1215,30
2021-10,0.0832,40
2021-11,0.1618,26
2021-12,0.1639,34
2022-01,0.0002,22
2022-02,0.171,45
2022-03,0.1735,33
2022-04,0.2935,22
2022-05,0.1509,42
2022-06,0.0669,36
2022-07,0.1117,24
2022-08,0.0418,27
2022-09,0.083,49
2022-10,0.2392,47
2022-11,0.1091,33
2022-12,0.0933,20
2023-01,0.1612,36
2023-02,0.1976,31
2023-03,0.0813,33
2023-04,0.0904,29
2023-05,0.2034,23
2023-06,0.0551,48
2023-07,0.0574,15
2023-08,0.0339,34
2023-09,0.0126,51
2023-10,0.204,31
2023-11,0.0869,57
2023-12,0.1955,12
2024-01,0.096,24
2024-02,0.0358,44
2024-03,0.1741,32
2024-04,-0.0194,40
2024-05,0.099,38
2024-06,0.2153,22
2024-07,0.0995,5
2024-08,0.0919,28
2024-09,0.3012,67
2024-10,0.0708,43
2024-11,0.2287,25
2024-12,0.1232,32
